{
    "name": "RSM Dev Rules",
    "rules": [
        {
            "id": "AS0084",
            "action": "None"
        },
        {
            "id": "AS0092",
            "action": "None"
        },
        {
            "id": "AW0008",
            "action": "Hidden",
            "justification": "The repeater '' in page 'RSMUS CPG Item Avail. Overview' is not supported by the Web client. The Web client does not support displaying repeater controls in pages of type 'ListPlus'."
        },
        {
            "id": "AL0719",
            "action": "Hidden",
            "justification": "The argument should be a valid Field type. An argument of type Joker or Variant might have an underlying type that is not a valid Field type."
        }
    ]
}